{"cameraMode":{"drawMode":0,"name":"Shaded","section":"Shading Mode"},"sceneLighting":false,"audioPlay":false,"sceneViewState":{"showFog":true,"showMaterialUpdate":false,"showSkybox":false,"showFlares":true,"showImageEffects":true,"showParticleSystems":true},"in2DMode":false,"pivot":{"x":3.2200000286102297,"y":0.7227845191955566,"z":2.4625720977783205},"rotation":{"x":0.060766179114580157,"y":0.9319391250610352,"z":-0.3055708706378937,"w":0.18585516512393952},"size":4.041658401489258,"orthographic":false}