{"cameraMode":{"drawMode":0,"name":"Shaded","section":"Shading Mode"},"sceneLighting":false,"audioPlay":false,"sceneViewState":{"showFog":true,"showMaterialUpdate":false,"showSkybox":true,"showFlares":true,"showImageEffects":true,"showParticleSystems":true},"in2DMode":false,"pivot":{"x":3.9727635383605959,"y":-0.4930305480957031,"z":3.149130344390869},"rotation":{"x":0.42604660987854006,"y":-0.33190304040908816,"z":0.17208313941955567,"w":0.8240929245948792},"size":23.45038414001465,"orthographic":false}