{"cameraMode":{"drawMode":0,"name":"Shaded","section":"Shading Mode"},"sceneLighting":false,"audioPlay":false,"sceneViewState":{"showFog":true,"showMaterialUpdate":false,"showSkybox":true,"showFlares":true,"showImageEffects":true,"showParticleSystems":true},"in2DMode":false,"pivot":{"x":1.2361916303634644,"y":0.7769794464111328,"z":2.1290674209594728},"rotation":{"x":0.6893659234046936,"y":-0.01953291706740856,"z":0.01910571940243244,"w":0.7241430878639221},"size":18.423545837402345,"orthographic":false}