{"cameraMode":{"drawMode":0,"name":"Shaded","section":"Shading Mode"},"sceneLighting":false,"audioPlay":false,"sceneViewState":{"showFog":true,"showMaterialUpdate":false,"showSkybox":true,"showFlares":true,"showImageEffects":true,"showParticleSystems":true},"in2DMode":false,"pivot":{"x":7.164823055267334,"y":4.67076301574707,"z":-0.062114715576171878},"rotation":{"x":0.4487729072570801,"y":-0.004133983980864286,"z":0.002506636781617999,"w":0.8938323855400086},"size":24.75387954711914,"orthographic":false}