{"cameraMode":{"drawMode":0,"name":"Shaded","section":"Shading Mode"},"sceneLighting":true,"audioPlay":false,"sceneViewState":{"showFog":true,"showMaterialUpdate":false,"showSkybox":true,"showFlares":true,"showImageEffects":true,"showParticleSystems":true},"in2DMode":false,"pivot":{"x":73.4871826171875,"y":-130.4623260498047,"z":-65.92466735839844},"rotation":{"x":0.1802789717912674,"y":0.8196112513542175,"z":-0.39228448271751406,"w":0.37667760252952578},"size":500.73614501953127,"orthographic":false}