{"cameraMode":{"drawMode":0,"name":"Shaded","section":"Shading Mode"},"sceneLighting":true,"audioPlay":false,"sceneViewState":{"showFog":true,"showMaterialUpdate":false,"showSkybox":true,"showFlares":true,"showImageEffects":true,"showParticleSystems":true},"in2DMode":false,"pivot":{"x":-194.6014404296875,"y":-145.4189910888672,"z":-66.0112533569336},"rotation":{"x":-0.26862409710884097,"y":0.7265180349349976,"z":-0.39504626393318179,"w":-0.49411118030548098},"size":333.40472412109377,"orthographic":false}