{"cameraMode":{"drawMode":0,"name":"Shaded","section":"Shading Mode"},"sceneLighting":false,"audioPlay":false,"sceneViewState":{"showFog":true,"showMaterialUpdate":false,"showSkybox":false,"showFlares":true,"showImageEffects":true,"showParticleSystems":true},"in2DMode":false,"pivot":{"x":8.779999732971192,"y":1.570000171661377,"z":0.28999996185302737},"rotation":{"x":0.14288850128650666,"y":0.7421809434890747,"z":-0.16755713522434236,"w":0.633125364780426},"size":4.041658401489258,"orthographic":false}