{"cameraMode":{"drawMode":0,"name":"Shaded","section":"Shading Mode"},"sceneLighting":true,"audioPlay":false,"sceneViewState":{"showFog":true,"showMaterialUpdate":false,"showSkybox":true,"showFlares":true,"showImageEffects":true,"showParticleSystems":true},"in2DMode":false,"pivot":{"x":-425.5131530761719,"y":-182.48043823242188,"z":-3.1148295402526857},"rotation":{"x":-0.1563582718372345,"y":0.6930356025695801,"z":-0.1579609513282776,"w":-0.6859210729598999},"size":620.1358642578125,"orthographic":false}