{"cameraMode":{"drawMode":0,"name":"Shaded","section":"Shading Mode"},"sceneLighting":true,"audioPlay":false,"sceneViewState":{"showFog":true,"showMaterialUpdate":false,"showSkybox":false,"showFlares":true,"showImageEffects":true,"showParticleSystems":true},"in2DMode":false,"pivot":{"x":62.518585205078128,"y":72.93539428710938,"z":-116.84970092773438},"rotation":{"x":0.13004887104034425,"y":0.8609340786933899,"z":-0.2742638885974884,"w":0.4082580506801605},"size":497.13775634765627,"orthographic":false}