{"cameraMode":{"drawMode":0,"name":"Shaded","section":"Shading Mode"},"sceneLighting":true,"audioPlay":false,"sceneViewState":{"showFog":true,"showMaterialUpdate":false,"showSkybox":false,"showFlares":true,"showImageEffects":true,"showParticleSystems":true},"in2DMode":false,"pivot":{"x":-83.13550567626953,"y":173.69541931152345,"z":-198.6012420654297},"rotation":{"x":-0.05264296010136604,"y":0.9278874397277832,"z":0.14365941286087037,"w":0.340067982673645},"size":23.677310943603517,"orthographic":false}