{"cameraMode":{"drawMode":0,"name":"Shaded","section":"Shading Mode"},"sceneLighting":false,"audioPlay":false,"sceneViewState":{"showFog":true,"showMaterialUpdate":false,"showSkybox":false,"showFlares":true,"showImageEffects":true,"showParticleSystems":true},"in2DMode":false,"pivot":{"x":-4.764936923980713,"y":7.112475872039795,"z":-17.213542938232423},"rotation":{"x":0.040283653885126117,"y":0.8053159713745117,"z":-0.05523619055747986,"w":0.5890845060348511},"size":1.4857876300811768,"orthographic":false}