{"cameraMode":{"drawMode":0,"name":"Shaded","section":"Shading Mode"},"sceneLighting":true,"audioPlay":false,"sceneViewState":{"showFog":true,"showMaterialUpdate":false,"showSkybox":true,"showFlares":true,"showImageEffects":true,"showParticleSystems":true},"in2DMode":false,"pivot":{"x":-105.02869415283203,"y":-72.62287902832031,"z":74.26604461669922},"rotation":{"x":-0.13811857998371125,"y":0.5679336190223694,"z":-0.09737826883792877,"w":-0.8055392503738403},"size":459.9271240234375,"orthographic":false}