{"cameraMode":{"drawMode":0,"name":"Shaded","section":"Shading Mode"},"sceneLighting":true,"audioPlay":false,"sceneViewState":{"showFog":true,"showMaterialUpdate":false,"showSkybox":true,"showFlares":true,"showImageEffects":true,"showParticleSystems":true},"in2DMode":false,"pivot":{"x":5.889950752258301,"y":4.994481086730957,"z":7.040668964385986},"rotation":{"x":-0.005693715997040272,"y":-0.6701676845550537,"z":0.005347461439669132,"w":-0.7422521114349365},"size":7.178776264190674,"orthographic":false}