{"cameraMode":{"drawMode":0,"name":"Shaded","section":"Shading Mode"},"sceneLighting":true,"audioPlay":false,"sceneViewState":{"showFog":true,"showMaterialUpdate":false,"showSkybox":true,"showFlares":true,"showImageEffects":true,"showParticleSystems":true},"in2DMode":false,"pivot":{"x":1.1015394926071168,"y":2.8959338665008547,"z":-137.2195281982422},"rotation":{"x":-0.3147553503513336,"y":0.24070319533348084,"z":-0.08287239819765091,"w":-0.9144383072853088},"size":38.673458099365237,"orthographic":false}