{"cameraMode":{"drawMode":0,"name":"Shaded","section":"Shading Mode"},"sceneLighting":false,"audioPlay":false,"sceneViewState":{"showFog":true,"showMaterialUpdate":false,"showSkybox":false,"showFlares":true,"showImageEffects":true,"showParticleSystems":true},"in2DMode":false,"pivot":{"x":3.2200000286102297,"y":0.7227845191955566,"z":2.4625720977783205},"rotation":{"x":-0.11624381691217423,"y":0.7279344797134399,"z":-0.12749414145946504,"w":-0.6636005640029907},"size":4.041658401489258,"orthographic":false}