{"cameraMode":{"drawMode":0,"name":"Shaded","section":"Shading Mode"},"sceneLighting":true,"audioPlay":false,"sceneViewState":{"showFog":true,"showMaterialUpdate":false,"showSkybox":true,"showFlares":true,"showImageEffects":true,"showParticleSystems":true},"in2DMode":false,"pivot":{"x":-34.55519485473633,"y":-27.018844604492189,"z":-27.552215576171876},"rotation":{"x":0.0031894391868263485,"y":-0.8893477320671082,"z":0.45725303888320925,"w":0.006126109044998884},"size":94.0018539428711,"orthographic":false}