{"cameraMode":{"drawMode":0,"name":"Shaded","section":"Shading Mode"},"sceneLighting":true,"audioPlay":false,"sceneViewState":{"showFog":true,"showMaterialUpdate":false,"showSkybox":true,"showFlares":true,"showImageEffects":true,"showParticleSystems":true},"in2DMode":false,"pivot":{"x":21.774194717407228,"y":15.143377304077149,"z":-25.687650680541993},"rotation":{"x":-0.13640394806861878,"y":0.7725744247436523,"z":-0.17845386266708375,"w":-0.5941852331161499},"size":332.3109130859375,"orthographic":false}