{"cameraMode":{"drawMode":0,"name":"Shaded","section":"Shading Mode"},"sceneLighting":true,"audioPlay":false,"sceneViewState":{"showFog":true,"showMaterialUpdate":false,"showSkybox":true,"showFlares":true,"showImageEffects":true,"showParticleSystems":true},"in2DMode":false,"pivot":{"x":-364.4851379394531,"y":-19.495105743408204,"z":-359.24212646484377},"rotation":{"x":-0.03399747982621193,"y":0.9067772030830383,"z":-0.07574356347322464,"w":-0.4137987196445465},"size":917.196044921875,"orthographic":false}