{"cameraMode":{"drawMode":0,"name":"Shaded","section":"Shading Mode"},"sceneLighting":true,"audioPlay":false,"sceneViewState":{"showFog":true,"showMaterialUpdate":false,"showSkybox":true,"showFlares":true,"showImageEffects":true,"showParticleSystems":true},"in2DMode":false,"pivot":{"x":70.55619812011719,"y":10.648764610290528,"z":-3.365825653076172},"rotation":{"x":0.05156861990690231,"y":0.8987656235694885,"z":-0.11002304404973984,"w":0.4212576448917389},"size":62.2735595703125,"orthographic":false}