{"cameraMode":{"drawMode":0,"name":"Shaded","section":"Shading Mode"},"sceneLighting":true,"audioPlay":false,"sceneViewState":{"showFog":true,"showMaterialUpdate":false,"showSkybox":false,"showFlares":true,"showImageEffects":true,"showParticleSystems":true},"in2DMode":false,"pivot":{"x":0.29998779296875,"y":171.83499145507813,"z":0.45501708984375},"rotation":{"x":-0.002027039648965001,"y":0.8903369903564453,"z":-0.4554111957550049,"w":-0.0036855994258075954},"size":2095.04833984375,"orthographic":false}