{"cameraMode":{"drawMode":0,"name":"Shaded","section":"Shading Mode"},"sceneLighting":false,"audioPlay":false,"sceneViewState":{"showFog":true,"showMaterialUpdate":false,"showSkybox":false,"showFlares":true,"showImageEffects":true,"showParticleSystems":true},"in2DMode":false,"pivot":{"x":-12.973468780517579,"y":-12.627137184143067,"z":-186.95733642578126},"rotation":{"x":-0.043008919805288318,"y":0.9517819881439209,"z":-0.15761399269104005,"w":-0.2597273290157318},"size":58.36391067504883,"orthographic":false}