{"cameraMode":{"drawMode":0,"name":"Shaded","section":"Shading Mode"},"sceneLighting":true,"audioPlay":false,"sceneViewState":{"showFog":true,"showMaterialUpdate":false,"showSkybox":false,"showFlares":true,"showImageEffects":true,"showParticleSystems":true},"in2DMode":false,"pivot":{"x":-101.70996856689453,"y":89.18772888183594,"z":-128.24313354492188},"rotation":{"x":0.07056865841150284,"y":0.6968633532524109,"z":-0.06921826303005219,"w":0.7103762030601502},"size":251.67103576660157,"orthographic":false}