{"cameraMode":{"drawMode":0,"name":"Shaded","section":"Shading Mode"},"sceneLighting":false,"audioPlay":false,"sceneViewState":{"showFog":true,"showMaterialUpdate":false,"showSkybox":false,"showFlares":true,"showImageEffects":true,"showParticleSystems":true},"in2DMode":false,"pivot":{"x":11.965597152709961,"y":1.5069162845611573,"z":8.283279418945313},"rotation":{"x":-0.28168606758117678,"y":0.2924697995185852,"z":-0.09038925915956497,"w":-0.909428060054779},"size":7.2383551597595219,"orthographic":false}