{"cameraMode":{"drawMode":0,"name":"Shaded","section":"Shading Mode"},"sceneLighting":true,"audioPlay":false,"sceneViewState":{"showFog":true,"showMaterialUpdate":false,"showSkybox":true,"showFlares":true,"showImageEffects":true,"showParticleSystems":true},"in2DMode":false,"pivot":{"x":6.475072860717773,"y":-7.750846862792969,"z":-142.67481994628907},"rotation":{"x":-0.00010625914001138881,"y":-0.9913924336433411,"z":0.13224022090435029,"w":-0.007357322610914707},"size":302.8184509277344,"orthographic":false}