{"cameraMode":{"drawMode":0,"name":"Shaded","section":"Shading Mode"},"sceneLighting":true,"audioPlay":false,"sceneViewState":{"showFog":true,"showMaterialUpdate":false,"showSkybox":true,"showFlares":true,"showImageEffects":true,"showParticleSystems":true},"in2DMode":false,"pivot":{"x":-29.11111068725586,"y":2.5587480068206789,"z":85.26514434814453},"rotation":{"x":-0.08478609472513199,"y":-0.018283115699887277,"z":0.001533332746475935,"w":-0.9962521195411682},"size":121.70327758789063,"orthographic":false}