{"cameraMode":{"drawMode":0,"name":"Shaded","section":"Shading Mode"},"sceneLighting":false,"audioPlay":false,"sceneViewState":{"showFog":true,"showMaterialUpdate":false,"showSkybox":false,"showFlares":true,"showImageEffects":true,"showParticleSystems":true},"in2DMode":false,"pivot":{"x":6.317346096038818,"y":1.7538483142852784,"z":14.76393985748291},"rotation":{"x":-0.002794673666357994,"y":-0.9936192035675049,"z":0.11014235764741898,"w":-0.02504710480570793},"size":3.6749887466430666,"orthographic":false}