{"cameraMode":{"drawMode":0,"name":"Shaded","section":"Shading Mode"},"sceneLighting":true,"audioPlay":false,"sceneViewState":{"showFog":true,"showMaterialUpdate":false,"showSkybox":true,"showFlares":true,"showImageEffects":true,"showParticleSystems":true},"in2DMode":false,"pivot":{"x":-21.369237899780275,"y":-20.193382263183595,"z":-27.38823890686035},"rotation":{"x":-0.19895052909851075,"y":-0.4625091850757599,"z":0.10730436444282532,"w":-0.857341468334198},"size":23.62955093383789,"orthographic":false}