{"cameraMode":{"drawMode":0,"name":"Shaded","section":"Shading Mode"},"sceneLighting":true,"audioPlay":false,"sceneViewState":{"showFog":true,"showMaterialUpdate":false,"showSkybox":false,"showFlares":true,"showImageEffects":true,"showParticleSystems":true},"in2DMode":false,"pivot":{"x":-81.80000305175781,"y":170.10000610351563,"z":-194.79998779296876},"rotation":{"x":-0.23812894523143769,"y":-0.7375758290290833,"z":0.32355377078056338,"w":-0.542814314365387},"size":654.9291381835938,"orthographic":false}