{"cameraMode":{"drawMode":0,"name":"Shaded","section":"Shading Mode"},"sceneLighting":true,"audioPlay":false,"sceneViewState":{"showFog":true,"showMaterialUpdate":false,"showSkybox":true,"showFlares":true,"showImageEffects":true,"showParticleSystems":true},"in2DMode":false,"pivot":{"x":-20.998836517333986,"y":8.197957038879395,"z":-42.732505798339847},"rotation":{"x":0.041994474828243259,"y":-0.014609793201088906,"z":0.000573224329855293,"w":0.9990630149841309},"size":4.5913987159729,"orthographic":false}