{"cameraMode":{"drawMode":0,"name":"Shaded","section":"Shading Mode"},"sceneLighting":true,"audioPlay":false,"sceneViewState":{"showFog":true,"showMaterialUpdate":false,"showSkybox":true,"showFlares":true,"showImageEffects":true,"showParticleSystems":true},"in2DMode":false,"pivot":{"x":-8.795808792114258,"y":3.679739236831665,"z":130.8153839111328},"rotation":{"x":0.13804319500923158,"y":0.17590895295143128,"z":-0.024760425090789796,"w":0.974450409412384},"size":5.473360538482666,"orthographic":false}