{"cameraMode":{"drawMode":0,"name":"Shaded","section":"Shading Mode"},"sceneLighting":false,"audioPlay":false,"sceneViewState":{"showFog":true,"showMaterialUpdate":false,"showSkybox":false,"showFlares":true,"showImageEffects":true,"showParticleSystems":true},"in2DMode":false,"pivot":{"x":78.08772277832031,"y":106.227294921875,"z":-8.128173828125},"rotation":{"x":-0.021006809547543527,"y":-0.008715016767382622,"z":0.0001737655111355707,"w":-0.9997628331184387},"size":75.76575469970703,"orthographic":true}