{"cameraMode":{"drawMode":0,"name":"Shaded","section":"Shading Mode"},"sceneLighting":false,"audioPlay":false,"sceneViewState":{"showFog":true,"showMaterialUpdate":false,"showSkybox":false,"showFlares":true,"showImageEffects":true,"showParticleSystems":true},"in2DMode":false,"pivot":{"x":8.7884521484375,"y":1.7078226804733277,"z":0.6675854921340942},"rotation":{"x":-0.013077774085104466,"y":0.9833387732505798,"z":-0.1634358912706375,"w":-0.07868019491434097},"size":1.958341360092163,"orthographic":false}