{"cameraMode":{"drawMode":0,"name":"Shaded","section":"Shading Mode"},"sceneLighting":true,"audioPlay":false,"sceneViewState":{"showFog":true,"showMaterialUpdate":false,"showSkybox":true,"showFlares":true,"showImageEffects":true,"showParticleSystems":true},"in2DMode":false,"pivot":{"x":34.372276306152347,"y":47.29931640625,"z":-225.61318969726563},"rotation":{"x":-0.00595178222283721,"y":-0.9825350046157837,"z":0.18336202204227448,"w":-0.03185129538178444},"size":63.17040252685547,"orthographic":false}