{"cameraMode":{"drawMode":0,"name":"Shaded","section":"Shading Mode"},"sceneLighting":true,"audioPlay":false,"sceneViewState":{"showFog":true,"showMaterialUpdate":false,"showSkybox":true,"showFlares":true,"showImageEffects":true,"showParticleSystems":true},"in2DMode":false,"pivot":{"x":16.063108444213868,"y":2.070373773574829,"z":10.202590942382813},"rotation":{"x":-0.0020965884905308487,"y":-0.07343168556690216,"z":-0.00013749473146162927,"w":0.9973180294036865},"size":41.03329086303711,"orthographic":false}
