{"cameraMode":{"drawMode":0,"name":"Shaded","section":"Shading Mode"},"sceneLighting":false,"audioPlay":false,"sceneViewState":{"showFog":true,"showMaterialUpdate":false,"showSkybox":false,"showFlares":true,"showImageEffects":true,"showParticleSystems":true},"in2DMode":false,"pivot":{"x":296.50311279296877,"y":120.10347747802735,"z":81.36924743652344},"rotation":{"x":0.0014909848105162383,"y":-0.019215820357203485,"z":-0.00003853312591672875,"w":-0.9998353719711304},"size":325.68206787109377,"orthographic":false}