{"cameraMode":{"drawMode":0,"name":"Shaded","section":"Shading Mode"},"sceneLighting":true,"audioPlay":false,"sceneViewState":{"showFog":true,"showMaterialUpdate":false,"showSkybox":true,"showFlares":true,"showImageEffects":true,"showParticleSystems":true},"in2DMode":false,"pivot":{"x":3.2200000286102297,"y":0.7227845191955566,"z":2.4625720977783205},"rotation":{"x":-0.27862921357154848,"y":-0.5378450751304627,"z":0.1941903531551361,"w":-0.7716360688209534},"size":4.041658401489258,"orthographic":false}