{"cameraMode":{"drawMode":0,"name":"Shaded","section":"Shading Mode"},"sceneLighting":true,"audioPlay":false,"sceneViewState":{"showFog":true,"showMaterialUpdate":false,"showSkybox":true,"showFlares":true,"showImageEffects":true,"showParticleSystems":true},"in2DMode":false,"pivot":{"x":-0.8576419353485107,"y":6.848916053771973,"z":-3.385298728942871},"rotation":{"x":-0.006025500129908323,"y":-0.985404908657074,"z":0.16651301085948945,"w":-0.03542739897966385},"size":14.68603515625,"orthographic":false}