{"cameraMode":{"drawMode":0,"name":"Shaded","section":"Shading Mode"},"sceneLighting":true,"audioPlay":false,"sceneViewState":{"showFog":true,"showMaterialUpdate":false,"showSkybox":true,"showFlares":true,"showImageEffects":true,"showParticleSystems":true},"in2DMode":false,"pivot":{"x":-0.586145281791687,"y":1.8773181438446046,"z":0.354345440864563},"rotation":{"x":0.04018233343958855,"y":0.9475618600845337,"z":-0.2884412109851837,"w":0.13181321322917939},"size":11.27504825592041,"orthographic":false}