{"cameraMode":{"drawMode":0,"name":"Shaded","section":"Shading Mode"},"sceneLighting":true,"audioPlay":false,"sceneViewState":{"showFog":true,"showMaterialUpdate":false,"showSkybox":true,"showFlares":true,"showImageEffects":true,"showParticleSystems":true},"in2DMode":false,"pivot":{"x":-2.7093594074249269,"y":-3.8942148685455324,"z":-4.687864780426025},"rotation":{"x":-0.14288772642612458,"y":0.8432506918907166,"z":-0.2742823660373688,"w":-0.43982741236686709},"size":13.287880897521973,"orthographic":false}