{"cameraMode":{"drawMode":0,"name":"Shaded","section":"Shading Mode"},"sceneLighting":false,"audioPlay":false,"sceneViewState":{"showFog":true,"showMaterialUpdate":false,"showSkybox":false,"showFlares":true,"showImageEffects":true,"showParticleSystems":true},"in2DMode":false,"pivot":{"x":-2.8714981079101564,"y":-0.13216161727905274,"z":-0.5300030708312988},"rotation":{"x":0.08467531949281693,"y":0.9135221838951111,"z":-0.24990516901016236,"w":0.3097725212574005},"size":9.228238105773926,"orthographic":false}