{"cameraMode":{"drawMode":0,"name":"Shaded","section":"Shading Mode"},"sceneLighting":false,"audioPlay":false,"sceneViewState":{"showFog":true,"showMaterialUpdate":false,"showSkybox":false,"showFlares":true,"showImageEffects":true,"showParticleSystems":true},"in2DMode":false,"pivot":{"x":14.262885093688965,"y":1.1509108543395997,"z":13.5553617477417},"rotation":{"x":0.09226776659488678,"y":0.005976517219096422,"z":-0.0005312560824677348,"w":0.9957363605499268},"size":3.4925620555877687,"orthographic":false}