{"cameraMode":{"drawMode":0,"name":"Shaded","section":"Shading Mode"},"sceneLighting":false,"audioPlay":false,"sceneViewState":{"showFog":true,"showMaterialUpdate":false,"showSkybox":false,"showFlares":true,"showImageEffects":true,"showParticleSystems":true},"in2DMode":false,"pivot":{"x":-11.1899995803833,"y":0.9449999928474426,"z":-10.277999877929688},"rotation":{"x":0.19706125557422639,"y":0.7018715739250183,"z":-0.21256501972675324,"w":0.6506801247596741},"size":0.32698196172714236,"orthographic":false}