{"cameraMode":{"drawMode":0,"name":"Shaded","section":"Shading Mode"},"sceneLighting":false,"audioPlay":false,"sceneViewState":{"showFog":true,"showMaterialUpdate":false,"showSkybox":false,"showFlares":true,"showImageEffects":true,"showParticleSystems":true},"in2DMode":false,"pivot":{"x":510.7953796386719,"y":18.19968032836914,"z":30.90964698791504},"rotation":{"x":-0.16947318613529206,"y":-0.08976498246192932,"z":0.015492345206439495,"w":-0.981336772441864},"size":126.26704406738281,"orthographic":false}
