{"cameraMode":{"drawMode":0,"name":"Shaded","section":"Shading Mode"},"sceneLighting":true,"audioPlay":false,"sceneViewState":{"showFog":true,"showMaterialUpdate":false,"showSkybox":true,"showFlares":true,"showImageEffects":true,"showParticleSystems":true},"in2DMode":false,"pivot":{"x":-15.143865585327149,"y":31.951316833496095,"z":-0.28839147090911868},"rotation":{"x":-0.051283400505781177,"y":0.8011093735694885,"z":-0.0694018080830574,"w":-0.5922951102256775},"size":19.83292007446289,"orthographic":false}