{"cameraMode":{"drawMode":0,"name":"Shaded","section":"Shading Mode"},"sceneLighting":false,"audioPlay":false,"sceneViewState":{"showFog":true,"showMaterialUpdate":false,"showSkybox":false,"showFlares":true,"showImageEffects":true,"showParticleSystems":true},"in2DMode":false,"pivot":{"x":318.10870361328127,"y":184.5386199951172,"z":80.34674072265625},"rotation":{"x":0.0014909848105162383,"y":-0.019215820357203485,"z":-0.00003853312591672875,"w":-0.9998353719711304},"size":346.60369873046877,"orthographic":false}