{"cameraMode":{"drawMode":0,"name":"Shaded","section":"Shading Mode"},"sceneLighting":false,"audioPlay":false,"sceneViewState":{"showFog":true,"showMaterialUpdate":false,"showSkybox":false,"showFlares":true,"showImageEffects":true,"showParticleSystems":true},"in2DMode":false,"pivot":{"x":366.29364013671877,"y":143.89601135253907,"z":-15.648199081420899},"rotation":{"x":-0.021006809547543527,"y":-0.008715016767382622,"z":0.0001737655111355707,"w":-0.9997628331184387},"size":142.31329345703126,"orthographic":true}