{"cameraMode":{"drawMode":0,"name":"Shaded","section":"Shading Mode"},"sceneLighting":false,"audioPlay":false,"sceneViewState":{"showFog":true,"showMaterialUpdate":false,"showSkybox":false,"showFlares":true,"showImageEffects":true,"showParticleSystems":true},"in2DMode":false,"pivot":{"x":31.515201568603517,"y":-5.506799221038818,"z":9.876606941223145},"rotation":{"x":0.38547876477241518,"y":0.49663805961608889,"z":-0.26148349046707156,"w":0.7324529886245728},"size":24.556167602539064,"orthographic":false}