{"cameraMode":{"drawMode":0,"name":"Shaded","section":"Shading Mode"},"sceneLighting":false,"audioPlay":false,"sceneViewState":{"showFog":true,"showMaterialUpdate":false,"showSkybox":false,"showFlares":true,"showImageEffects":true,"showParticleSystems":true},"in2DMode":false,"pivot":{"x":11.361320495605469,"y":1.7600306272506714,"z":8.565399169921875},"rotation":{"x":0.08334136754274368,"y":-0.7955385446548462,"z":0.11241971701383591,"w":0.5895674824714661},"size":4.900195598602295,"orthographic":false}