{"cameraMode":{"drawMode":0,"name":"Shaded","section":"Shading Mode"},"sceneLighting":false,"audioPlay":false,"sceneViewState":{"showFog":true,"showMaterialUpdate":false,"showSkybox":false,"showFlares":true,"showImageEffects":true,"showParticleSystems":true},"in2DMode":false,"pivot":{"x":8.617732048034668,"y":1.8220771551132203,"z":0.5714918971061707},"rotation":{"x":0.13431553542613984,"y":0.3903738260269165,"z":-0.0576777383685112,"w":0.9089929461479187},"size":4.641658782958984,"orthographic":false}