{"cameraMode":{"drawMode":0,"name":"Shaded","section":"Shading Mode"},"sceneLighting":true,"audioPlay":false,"sceneViewState":{"showFog":true,"showMaterialUpdate":false,"showSkybox":true,"showFlares":true,"showImageEffects":true,"showParticleSystems":true},"in2DMode":false,"pivot":{"x":16.004409790039064,"y":13.917694091796875,"z":18.611473083496095},"rotation":{"x":0.026414532214403154,"y":0.9212757349014282,"z":-0.38297349214553835,"w":0.06607461720705033},"size":239.40396118164063,"orthographic":false}