{"cameraMode":{"drawMode":0,"name":"Shaded","section":"Shading Mode"},"sceneLighting":false,"audioPlay":false,"sceneViewState":{"showFog":true,"showMaterialUpdate":false,"showSkybox":false,"showFlares":true,"showImageEffects":true,"showParticleSystems":true},"in2DMode":false,"pivot":{"x":12.729999542236329,"y":7.800000190734863,"z":12.850000381469727},"rotation":{"x":0.06321090459823609,"y":0.8306309580802918,"z":-0.5448055863380432,"w":0.0963483452796936},"size":2.8578836917877199,"orthographic":false}