{"cameraMode":{"drawMode":0,"name":"Shaded","section":"Shading Mode"},"sceneLighting":true,"audioPlay":false,"sceneViewState":{"showFog":true,"showMaterialUpdate":false,"showSkybox":true,"showFlares":true,"showImageEffects":true,"showParticleSystems":true},"in2DMode":false,"pivot":{"x":10.266627311706543,"y":1.9368643760681153,"z":2.147291660308838},"rotation":{"x":0.44226211309432986,"y":0.1568271368741989,"z":-0.0788404643535614,"w":0.8795614838600159},"size":7.6559271812438969,"orthographic":false}