{"cameraMode":{"drawMode":0,"name":"Shaded","section":"Shading Mode"},"sceneLighting":true,"audioPlay":false,"sceneViewState":{"showFog":true,"showMaterialUpdate":false,"showSkybox":true,"showFlares":true,"showImageEffects":true,"showParticleSystems":true},"in2DMode":false,"pivot":{"x":117.38224029541016,"y":21.827463150024415,"z":44.84003448486328},"rotation":{"x":0.004379440564662218,"y":0.5322938561439514,"z":-0.0027536237612366678,"w":0.8465537428855896},"size":137.8926239013672,"orthographic":false}