{"cameraMode":{"drawMode":0,"name":"Shaded","section":"Shading Mode"},"sceneLighting":false,"audioPlay":false,"sceneViewState":{"showFog":true,"showMaterialUpdate":false,"showSkybox":false,"showFlares":true,"showImageEffects":true,"showParticleSystems":true},"in2DMode":false,"pivot":{"x":11.569999694824219,"y":6.0,"z":14.380000114440918},"rotation":{"x":0.12320897728204727,"y":0.8765566945075989,"z":-0.31775593757629397,"w":0.33986586332321169},"size":0.28578948974609377,"orthographic":false}