{"cameraMode":{"drawMode":0,"name":"Shaded","section":"Shading Mode"},"sceneLighting":false,"audioPlay":false,"sceneViewState":{"showFog":true,"showMaterialUpdate":false,"showSkybox":false,"showFlares":true,"showImageEffects":true,"showParticleSystems":true},"in2DMode":false,"pivot":{"x":-24.945322036743165,"y":-1.000920057296753,"z":-9.961499214172364},"rotation":{"x":-0.2921300232410431,"y":0.7004231810569763,"z":-0.5172010064125061,"w":-0.3957701027393341},"size":9.133580207824707,"orthographic":false}