{"cameraMode":{"drawMode":0,"name":"Shaded","section":"Shading Mode"},"sceneLighting":true,"audioPlay":false,"sceneViewState":{"showFog":true,"showMaterialUpdate":false,"showSkybox":true,"showFlares":true,"showImageEffects":true,"showParticleSystems":true},"in2DMode":false,"pivot":{"x":9.435608863830567,"y":2.6334421634674074,"z":3.2186930179595949},"rotation":{"x":0.11484552919864655,"y":-0.04161977395415306,"z":0.004973416216671467,"w":0.9925810694694519},"size":14.835230827331543,"orthographic":false}