{"cameraMode":{"drawMode":0,"name":"Shaded","section":"Shading Mode"},"sceneLighting":true,"audioPlay":false,"sceneViewState":{"showFog":true,"showMaterialUpdate":false,"showSkybox":true,"showFlares":true,"showImageEffects":true,"showParticleSystems":true},"in2DMode":false,"pivot":{"x":0.26637837290763857,"y":2.778477191925049,"z":-0.13083164393901826},"rotation":{"x":0.02306751348078251,"y":0.9133535623550415,"z":-0.052091069519519809,"w":0.4032171964645386},"size":2.7030935287475588,"orthographic":false}