{"cameraMode":{"drawMode":0,"name":"Shaded","section":"Shading Mode"},"sceneLighting":true,"audioPlay":false,"sceneViewState":{"showFog":true,"showMaterialUpdate":false,"showSkybox":true,"showFlares":true,"showImageEffects":true,"showParticleSystems":true},"in2DMode":false,"pivot":{"x":-33.50663375854492,"y":2.256333827972412,"z":-8.918941497802735},"rotation":{"x":0.037211932241916659,"y":-0.810932993888855,"z":0.051894109696149829,"w":0.5816757678985596},"size":4.041658401489258,"orthographic":false}