{"cameraMode":{"drawMode":0,"name":"Shaded","section":"Shading Mode"},"sceneLighting":true,"audioPlay":false,"sceneViewState":{"showFog":true,"showMaterialUpdate":false,"showSkybox":true,"showFlares":true,"showImageEffects":true,"showParticleSystems":true},"in2DMode":false,"pivot":{"x":14.62053108215332,"y":9.060461044311524,"z":8.513168334960938},"rotation":{"x":-0.07074028253555298,"y":0.8962547779083252,"z":-0.1547800898551941,"w":-0.40963032841682436},"size":10.288877487182618,"orthographic":false}