{"cameraMode":{"drawMode":0,"name":"Shaded","section":"Shading Mode"},"sceneLighting":false,"audioPlay":false,"sceneViewState":{"showFog":true,"showMaterialUpdate":false,"showSkybox":false,"showFlares":true,"showImageEffects":true,"showParticleSystems":true},"in2DMode":false,"pivot":{"x":8.889386177062989,"y":1.9091718196868897,"z":0.7920894026756287},"rotation":{"x":-0.16447551548480988,"y":0.7489754557609558,"z":-0.20221339166164399,"w":-0.6091979146003723},"size":1.658341407775879,"orthographic":false}