{"cameraMode":{"drawMode":0,"name":"Shaded","section":"Shading Mode"},"sceneLighting":true,"audioPlay":false,"sceneViewState":{"showFog":true,"showMaterialUpdate":false,"showSkybox":true,"showFlares":true,"showImageEffects":true,"showParticleSystems":true},"in2DMode":false,"pivot":{"x":-8.007635116577149,"y":-2.414597749710083,"z":-10.563225746154786},"rotation":{"x":-0.06313686072826386,"y":0.9216184616088867,"z":-0.16942961513996125,"w":-0.3434298038482666},"size":14.651569366455079,"orthographic":false}