{"cameraMode":{"drawMode":0,"name":"Shaded","section":"Shading Mode"},"sceneLighting":true,"audioPlay":false,"sceneViewState":{"showFog":true,"showMaterialUpdate":false,"showSkybox":true,"showFlares":true,"showImageEffects":true,"showParticleSystems":true},"in2DMode":false,"pivot":{"x":-54.24900436401367,"y":-9.8170166015625,"z":-6.597952842712402},"rotation":{"x":-0.23247386515140534,"y":0.7506909370422363,"z":-0.5220293402671814,"w":-0.332292377948761},"size":46.134456634521487,"orthographic":false}