{"cameraMode":{"drawMode":0,"name":"Shaded","section":"Shading Mode"},"sceneLighting":true,"audioPlay":false,"sceneViewState":{"showFog":true,"showMaterialUpdate":false,"showSkybox":true,"showFlares":true,"showImageEffects":true,"showParticleSystems":true},"in2DMode":false,"pivot":{"x":16.020343780517579,"y":-7.967412948608398,"z":-0.9532256722450256},"rotation":{"x":-0.22984109818935395,"y":-0.6898510456085205,"z":0.24735812842845918,"w":-0.6405162215232849},"size":24.639328002929689,"orthographic":false}