{"cameraMode":{"drawMode":0,"name":"Shaded","section":"Shading Mode"},"sceneLighting":false,"audioPlay":false,"sceneViewState":{"showFog":true,"showMaterialUpdate":false,"showSkybox":false,"showFlares":true,"showImageEffects":true,"showParticleSystems":true},"in2DMode":false,"pivot":{"x":-30.042110443115236,"y":-3.3295488357543947,"z":-11.316865921020508},"rotation":{"x":0.35352930426597597,"y":-0.42691466212272646,"z":0.18613183498382569,"w":0.8112702369689941},"size":10.953703880310059,"orthographic":false}