{"cameraMode":{"drawMode":0,"name":"Shaded","section":"Shading Mode"},"sceneLighting":false,"audioPlay":false,"sceneViewState":{"showFog":true,"showMaterialUpdate":false,"showSkybox":false,"showFlares":true,"showImageEffects":true,"showParticleSystems":true},"in2DMode":false,"pivot":{"x":94.91641235351563,"y":51.93769073486328,"z":-19.379032135009767},"rotation":{"x":-0.021006809547543527,"y":-0.008715016767382622,"z":0.0001737655111355707,"w":-0.9997628331184387},"size":71.13587188720703,"orthographic":true}