{"cameraMode":{"drawMode":0,"name":"Shaded","section":"Shading Mode"},"sceneLighting":false,"audioPlay":false,"sceneViewState":{"showFog":true,"showMaterialUpdate":false,"showSkybox":false,"showFlares":true,"showImageEffects":true,"showParticleSystems":true},"in2DMode":false,"pivot":{"x":-31.999000549316408,"y":-11.74899959564209,"z":-50.06686019897461},"rotation":{"x":0.07019977271556854,"y":0.08407139033079148,"z":-0.005977339576929808,"w":0.9940185546875},"size":0.39005038142204287,"orthographic":false}