{"cameraMode":{"drawMode":0,"name":"Shaded","section":"Shading Mode"},"sceneLighting":false,"audioPlay":false,"sceneViewState":{"showFog":true,"showMaterialUpdate":false,"showSkybox":false,"showFlares":true,"showImageEffects":true,"showParticleSystems":true},"in2DMode":false,"pivot":{"x":159.30023193359376,"y":44.470130920410159,"z":-3.4263250827789308},"rotation":{"x":-0.06745731085538864,"y":0.006268318276852369,"z":-0.0004349597147665918,"w":-0.9977225065231323},"size":1992.173095703125,"orthographic":false}