{"cameraMode":{"drawMode":0,"name":"Shaded","section":"Shading Mode"},"sceneLighting":true,"audioPlay":false,"sceneViewState":{"showFog":true,"showMaterialUpdate":false,"showSkybox":true,"showFlares":true,"showImageEffects":true,"showParticleSystems":true},"in2DMode":false,"pivot":{"x":4.472209930419922,"y":2.1389999389648439,"z":0.39204442501068118},"rotation":{"x":0.1905355453491211,"y":0.1097472533583641,"z":-0.021272875368595125,"w":0.975376546382904},"size":2.0448930263519289,"orthographic":false}