{"cameraMode":{"drawMode":0,"name":"Shaded","section":"Shading Mode"},"sceneLighting":true,"audioPlay":false,"sceneViewState":{"showFog":true,"showMaterialUpdate":false,"showSkybox":true,"showFlares":true,"showImageEffects":true,"showParticleSystems":true},"in2DMode":false,"pivot":{"x":0.9877204895019531,"y":-7.920215606689453,"z":0.6186923980712891},"rotation":{"x":-0.38997966051101687,"y":-0.4750848114490509,"z":0.24733023345470429,"w":-0.7490538954734802},"size":61.970584869384769,"orthographic":false}