{"cameraMode":{"drawMode":0,"name":"Shaded","section":"Shading Mode"},"sceneLighting":true,"audioPlay":false,"sceneViewState":{"showFog":true,"showMaterialUpdate":false,"showSkybox":true,"showFlares":true,"showImageEffects":true,"showParticleSystems":true},"in2DMode":false,"pivot":{"x":1.2734454870224,"y":1.2913057804107667,"z":1.6452434062957764},"rotation":{"x":-0.0908714309334755,"y":0.7802116274833679,"z":-0.11642047762870789,"w":-0.6080699563026428},"size":6.834258079528809,"orthographic":false}