{"cameraMode":{"drawMode":0,"name":"Shaded","section":"Shading Mode"},"sceneLighting":false,"audioPlay":false,"sceneViewState":{"showFog":true,"showMaterialUpdate":false,"showSkybox":false,"showFlares":true,"showImageEffects":true,"showParticleSystems":true},"in2DMode":false,"pivot":{"x":10.814543724060059,"y":11.027656555175782,"z":-7.5217180252075199},"rotation":{"x":-0.1523703783750534,"y":0.5986430048942566,"z":-0.11730681359767914,"w":-0.7775969505310059},"size":2.2078566551208498,"orthographic":false}