{"cameraMode":{"drawMode":0,"name":"Shaded","section":"Shading Mode"},"sceneLighting":false,"audioPlay":false,"sceneViewState":{"showFog":true,"showMaterialUpdate":false,"showSkybox":false,"showFlares":true,"showImageEffects":true,"showParticleSystems":true},"in2DMode":false,"pivot":{"x":37.38688659667969,"y":109.72103118896485,"z":6.3326005935668949},"rotation":{"x":0.013487517833709717,"y":0.02427939884364605,"z":0.0003181458741892129,"w":-0.999635636806488},"size":88.79673767089844,"orthographic":false}
