{"cameraMode":{"drawMode":0,"name":"Shaded","section":"Shading Mode"},"sceneLighting":true,"audioPlay":false,"sceneViewState":{"showFog":true,"showMaterialUpdate":false,"showSkybox":true,"showFlares":true,"showImageEffects":true,"showParticleSystems":true},"in2DMode":false,"pivot":{"x":242.3021240234375,"y":297.4488220214844,"z":-8.703205108642579},"rotation":{"x":0.008393232710659504,"y":-0.02244163677096367,"z":-0.00012141244224039838,"w":-0.9998500943183899},"size":504.77294921875,"orthographic":false}