{"cameraMode":{"drawMode":0,"name":"Shaded","section":"Shading Mode"},"sceneLighting":false,"audioPlay":false,"sceneViewState":{"showFog":true,"showMaterialUpdate":false,"showSkybox":false,"showFlares":true,"showImageEffects":true,"showParticleSystems":true},"in2DMode":false,"pivot":{"x":28.313426971435548,"y":25.068939208984376,"z":16.739688873291017},"rotation":{"x":0.1329496055841446,"y":0.7961610555648804,"z":-0.1892608404159546,"w":0.5591715574264526},"size":96.068603515625,"orthographic":false}