{"cameraMode":{"drawMode":0,"name":"Shaded","section":"Shading Mode"},"sceneLighting":true,"audioPlay":false,"sceneViewState":{"showFog":true,"showMaterialUpdate":false,"showSkybox":true,"showFlares":true,"showImageEffects":true,"showParticleSystems":true},"in2DMode":false,"pivot":{"x":36.15010452270508,"y":33.187660217285159,"z":-6.073888778686523},"rotation":{"x":0.18391509354114533,"y":-0.6996353268623352,"z":0.19440613687038423,"w":0.6626002788543701},"size":3.413891315460205,"orthographic":false}