{"cameraMode":{"drawMode":0,"name":"Shaded","section":"Shading Mode"},"sceneLighting":false,"audioPlay":false,"sceneViewState":{"showFog":true,"showMaterialUpdate":false,"showSkybox":false,"showFlares":true,"showImageEffects":true,"showParticleSystems":true},"in2DMode":false,"pivot":{"x":1.347000002861023,"y":1.246999979019165,"z":2.0829999446868898},"rotation":{"x":0.06321090459823609,"y":0.8306309580802918,"z":-0.5448055863380432,"w":0.0963483452796936},"size":0.26945561170578005,"orthographic":false}