{"cameraMode":{"drawMode":0,"name":"Shaded","section":"Shading Mode"},"sceneLighting":false,"audioPlay":false,"sceneViewState":{"showFog":true,"showMaterialUpdate":false,"showSkybox":false,"showFlares":true,"showImageEffects":true,"showParticleSystems":true},"in2DMode":false,"pivot":{"x":6.205155372619629,"y":2.5628890991210939,"z":13.39091682434082},"rotation":{"x":0.0012433399679139257,"y":-0.998412549495697,"z":-0.051563601940870288,"w":-0.023672254756093026},"size":4.6101813316345219,"orthographic":false}