{"cameraMode":{"drawMode":0,"name":"Shaded","section":"Shading Mode"},"sceneLighting":false,"audioPlay":false,"sceneViewState":{"showFog":true,"showMaterialUpdate":false,"showSkybox":false,"showFlares":true,"showImageEffects":true,"showParticleSystems":true},"in2DMode":false,"pivot":{"x":-3.7300915718078615,"y":0.30666330456733706,"z":3.7672598361968996},"rotation":{"x":0.5109149813652039,"y":-0.4808584153652191,"z":0.43607890605926516,"w":0.5635771155357361},"size":0.4666900634765625,"orthographic":false}