{"cameraMode":{"drawMode":0,"name":"Shaded","section":"Shading Mode"},"sceneLighting":false,"audioPlay":false,"sceneViewState":{"showFog":true,"showMaterialUpdate":false,"showSkybox":false,"showFlares":true,"showImageEffects":true,"showParticleSystems":true},"in2DMode":false,"pivot":{"x":0.8234208226203919,"y":1.0660265684127808,"z":1.7110804319381714},"rotation":{"x":0.21676112711429597,"y":-0.7491295337677002,"z":0.5530582070350647,"w":0.29333969950675967},"size":3.369886636734009,"orthographic":false}