{"cameraMode":{"drawMode":0,"name":"Shaded","section":"Shading Mode"},"sceneLighting":true,"audioPlay":false,"sceneViewState":{"showFog":true,"showMaterialUpdate":false,"showSkybox":true,"showFlares":true,"showImageEffects":true,"showParticleSystems":true},"in2DMode":false,"pivot":{"x":1.347000002861023,"y":1.246999979019165,"z":2.0829999446868898},"rotation":{"x":0.09633949398994446,"y":0.657317042350769,"z":-0.08526869118213654,"w":0.7425942420959473},"size":0.26945561170578005,"orthographic":false}