{"cameraMode":{"drawMode":0,"name":"Shaded","section":"Shading Mode"},"sceneLighting":true,"audioPlay":false,"sceneViewState":{"showFog":true,"showMaterialUpdate":false,"showSkybox":false,"showFlares":true,"showImageEffects":true,"showParticleSystems":true},"in2DMode":false,"pivot":{"x":0.5596632957458496,"y":0.9465916752815247,"z":1.2023558616638184},"rotation":{"x":0.17167134582996369,"y":-0.6870766878128052,"z":0.17232482135295869,"w":0.6847052574157715},"size":6.6432905197143559,"orthographic":false}