{"cameraMode":{"drawMode":0,"name":"Shaded","section":"Shading Mode"},"sceneLighting":true,"audioPlay":false,"sceneViewState":{"showFog":true,"showMaterialUpdate":false,"showSkybox":true,"showFlares":true,"showImageEffects":true,"showParticleSystems":true},"in2DMode":false,"pivot":{"x":4.3964033126831059,"y":1.73068368434906,"z":-35.08116912841797},"rotation":{"x":0.0011091898195445538,"y":-0.9942449927330017,"z":0.10719373822212219,"w":0.011445474810898304},"size":2.249140501022339,"orthographic":true}