{"cameraMode":{"drawMode":0,"name":"Shaded","section":"Shading Mode"},"sceneLighting":false,"audioPlay":false,"sceneViewState":{"showFog":true,"showMaterialUpdate":false,"showSkybox":false,"showFlares":true,"showImageEffects":true,"showParticleSystems":true},"in2DMode":false,"pivot":{"x":61.09165573120117,"y":144.21424865722657,"z":1.4559342861175538},"rotation":{"x":-0.021006809547543527,"y":-0.008715016767382622,"z":0.0001737655111355707,"w":-0.9997628331184387},"size":94.69161987304688,"orthographic":true}