{"cameraMode":{"drawMode":0,"name":"Shaded","section":"Shading Mode"},"sceneLighting":true,"audioPlay":false,"sceneViewState":{"showFog":true,"showMaterialUpdate":false,"showSkybox":true,"showFlares":true,"showImageEffects":true,"showParticleSystems":true},"in2DMode":false,"pivot":{"x":-44.018470764160159,"y":-44.5617561340332,"z":101.70279693603516},"rotation":{"x":0.35708922147750857,"y":-0.12747043371200562,"z":0.049266267567873,"w":0.9240191578865051},"size":429.8009033203125,"orthographic":false}