{"cameraMode":{"drawMode":0,"name":"Shaded","section":"Shading Mode"},"sceneLighting":true,"audioPlay":false,"sceneViewState":{"showFog":true,"showMaterialUpdate":false,"showSkybox":true,"showFlares":true,"showImageEffects":true,"showParticleSystems":true},"in2DMode":false,"pivot":{"x":61.838966369628909,"y":-71.51729583740235,"z":367.1650390625},"rotation":{"x":0.15745839476585389,"y":0.15806123614311219,"z":-0.0255351010710001,"w":0.9744702577590942},"size":255.70909118652345,"orthographic":false}