{"cameraMode":{"drawMode":0,"name":"Shaded","section":"Shading Mode"},"sceneLighting":false,"audioPlay":false,"sceneViewState":{"showFog":true,"showMaterialUpdate":false,"showSkybox":false,"showFlares":true,"showImageEffects":true,"showParticleSystems":true},"in2DMode":false,"pivot":{"x":10.65666675567627,"y":11.289765357971192,"z":-7.7008233070373539},"rotation":{"x":-0.1523703783750534,"y":0.5986430048942566,"z":-0.11730681359767914,"w":-0.7775969505310059},"size":3.107856512069702,"orthographic":false}