{"cameraMode":{"drawMode":0,"name":"Shaded","section":"Shading Mode"},"sceneLighting":true,"audioPlay":false,"sceneViewState":{"showFog":true,"showMaterialUpdate":false,"showSkybox":true,"showFlares":true,"showImageEffects":true,"showParticleSystems":true},"in2DMode":false,"pivot":{"x":22.23192596435547,"y":0.47144827246665957,"z":20.351520538330079},"rotation":{"x":0.13483652472496034,"y":0.6925281286239624,"z":-0.13419131934642793,"w":0.6958576440811157},"size":38.43291091918945,"orthographic":false}