{"cameraMode":{"drawMode":0,"name":"Shaded","section":"Shading Mode"},"sceneLighting":false,"audioPlay":false,"sceneViewState":{"showFog":true,"showMaterialUpdate":false,"showSkybox":false,"showFlares":true,"showImageEffects":true,"showParticleSystems":true},"in2DMode":false,"pivot":{"x":1.286374807357788,"y":0.7422081828117371,"z":1.5450690984725953},"rotation":{"x":-0.010371431708335877,"y":0.8880579471588135,"z":-0.4592950940132141,"w":-0.019769418984651567},"size":1.9416587352752686,"orthographic":false}