{"cameraMode":{"drawMode":0,"name":"Shaded","section":"Shading Mode"},"sceneLighting":false,"audioPlay":false,"sceneViewState":{"showFog":true,"showMaterialUpdate":false,"showSkybox":false,"showFlares":true,"showImageEffects":true,"showParticleSystems":true},"in2DMode":false,"pivot":{"x":2.593287706375122,"y":-0.5762910842895508,"z":-7.348469257354736},"rotation":{"x":-0.20359471440315247,"y":-0.7377445101737976,"z":0.2539491653442383,"w":-0.5915167927742004},"size":4.534049987792969,"orthographic":false}