{"cameraMode":{"drawMode":0,"name":"Shaded","section":"Shading Mode"},"sceneLighting":true,"audioPlay":false,"sceneViewState":{"showFog":true,"showMaterialUpdate":false,"showSkybox":true,"showFlares":true,"showImageEffects":true,"showParticleSystems":true},"in2DMode":false,"pivot":{"x":-89.1874008178711,"y":-21.81878662109375,"z":67.68632507324219},"rotation":{"x":-0.14184392988681794,"y":0.43188121914863589,"z":-0.06901074200868607,"w":-0.8880499601364136},"size":243.48406982421876,"orthographic":false}