{"cameraMode":{"drawMode":0,"name":"Shaded","section":"Shading Mode"},"sceneLighting":true,"audioPlay":false,"sceneViewState":{"showFog":true,"showMaterialUpdate":false,"showSkybox":true,"showFlares":true,"showImageEffects":true,"showParticleSystems":true},"in2DMode":false,"pivot":{"x":521.1737670898438,"y":-2102.339599609375,"z":-906.506103515625},"rotation":{"x":-0.14168980717658997,"y":-0.817722499370575,"z":0.5097314119338989,"w":-0.2274230271577835},"size":2859.8896484375,"orthographic":false}