{"cameraMode":{"drawMode":0,"name":"Shaded","section":"Shading Mode"},"sceneLighting":true,"audioPlay":false,"sceneViewState":{"showFog":true,"showMaterialUpdate":false,"showSkybox":true,"showFlares":true,"showImageEffects":true,"showParticleSystems":true},"in2DMode":false,"pivot":{"x":0.26637837290763857,"y":2.778477191925049,"z":-0.13083164393901826},"rotation":{"x":0.11795667558908463,"y":0.7358213663101196,"z":-0.13271312415599824,"w":0.6535171866416931},"size":75.76356506347656,"orthographic":false}