{"cameraMode":{"drawMode":0,"name":"Shaded","section":"Shading Mode"},"sceneLighting":true,"audioPlay":false,"sceneViewState":{"showFog":true,"showMaterialUpdate":false,"showSkybox":true,"showFlares":true,"showImageEffects":true,"showParticleSystems":true},"in2DMode":false,"pivot":{"x":6.063570976257324,"y":19.148807525634767,"z":70.8957290649414},"rotation":{"x":0.6313648819923401,"y":0.15158967673778535,"z":-0.12765543162822724,"w":0.7497384548187256},"size":484.2362365722656,"orthographic":true}