{"cameraMode":{"drawMode":0,"name":"Shaded","section":"Shading Mode"},"sceneLighting":true,"audioPlay":false,"sceneViewState":{"showFog":true,"showMaterialUpdate":false,"showSkybox":true,"showFlares":true,"showImageEffects":true,"showParticleSystems":true},"in2DMode":false,"pivot":{"x":7.452873229980469,"y":2.8193044662475588,"z":0.9557031393051148},"rotation":{"x":0.12024606019258499,"y":-0.7166810631752014,"z":0.12782920897006989,"w":0.6750667691230774},"size":2.8138914108276369,"orthographic":false}