{"cameraMode":{"drawMode":0,"name":"Shaded","section":"Shading Mode"},"sceneLighting":false,"audioPlay":false,"sceneViewState":{"showFog":true,"showMaterialUpdate":false,"showSkybox":true,"showFlares":true,"showImageEffects":true,"showParticleSystems":true},"in2DMode":false,"pivot":{"x":210.477294921875,"y":-1295.5693359375,"z":932.6482543945313},"rotation":{"x":0.47419553995132449,"y":0.06045067310333252,"z":-0.03263210877776146,"w":0.8777647614479065},"size":2104.734130859375,"orthographic":false}