{"cameraMode":{"drawMode":0,"name":"Shaded","section":"Shading Mode"},"sceneLighting":true,"audioPlay":false,"sceneViewState":{"showFog":true,"showMaterialUpdate":false,"showSkybox":true,"showFlares":true,"showImageEffects":true,"showParticleSystems":true},"in2DMode":false,"pivot":{"x":-18.493396759033204,"y":-748.9384765625,"z":1005.5093994140625},"rotation":{"x":-0.3015434443950653,"y":0.0005701816990040243,"z":-0.00017834536265581846,"w":-0.953457772731781},"size":1721.7298583984375,"orthographic":false}