{"cameraMode":{"drawMode":0,"name":"Shaded","section":"Shading Mode"},"sceneLighting":false,"audioPlay":false,"sceneViewState":{"showFog":true,"showMaterialUpdate":false,"showSkybox":true,"showFlares":true,"showImageEffects":true,"showParticleSystems":true},"in2DMode":false,"pivot":{"x":182.60220336914063,"y":-341.1630554199219,"z":1488.8572998046875},"rotation":{"x":0.11389192193746567,"y":0.054863981902599338,"z":-0.006274329964071512,"w":0.9919832348823547},"size":1679.71923828125,"orthographic":false}