{"cameraMode":{"drawMode":0,"name":"Shaded","section":"Shading Mode"},"sceneLighting":false,"audioPlay":false,"sceneViewState":{"showFog":true,"showMaterialUpdate":false,"showSkybox":false,"showFlares":true,"showImageEffects":true,"showParticleSystems":true},"in2DMode":false,"pivot":{"x":1.9856719970703126,"y":-3.40655255317688,"z":15.440132141113282},"rotation":{"x":0.12254013866186142,"y":-0.6416262984275818,"z":0.10445041209459305,"w":0.7500442266464233},"size":19.937902450561525,"orthographic":false}