{"cameraMode":{"drawMode":0,"name":"Shaded","section":"Shading Mode"},"sceneLighting":false,"audioPlay":false,"sceneViewState":{"showFog":true,"showMaterialUpdate":false,"showSkybox":true,"showFlares":true,"showImageEffects":true,"showParticleSystems":true},"in2DMode":false,"pivot":{"x":-577.5868530273438,"y":-436.6058349609375,"z":-514.612060546875},"rotation":{"x":-0.10109491646289826,"y":0.8929004669189453,"z":-0.2502795457839966,"w":-0.36045312881469729},"size":1108.7545166015625,"orthographic":false}