{"cameraMode":{"drawMode":0,"name":"Shaded","section":"Shading Mode"},"sceneLighting":false,"audioPlay":false,"sceneViewState":{"showFog":true,"showMaterialUpdate":false,"showSkybox":true,"showFlares":true,"showImageEffects":true,"showParticleSystems":true},"in2DMode":false,"pivot":{"x":-14.144357681274414,"y":31.427980422973634,"z":80.79703521728516},"rotation":{"x":0.10884258151054383,"y":0.11654938757419586,"z":0.012780594639480114,"w":-0.9872621297836304},"size":93.7383804321289,"orthographic":false}