{"cameraMode":{"drawMode":0,"name":"Shaded","section":"Shading Mode"},"sceneLighting":false,"audioPlay":false,"sceneViewState":{"showFog":true,"showMaterialUpdate":false,"showSkybox":false,"showFlares":true,"showImageEffects":true,"showParticleSystems":true},"in2DMode":false,"pivot":{"x":0.0,"y":-168.6972198486328,"z":-0.0000152587890625},"rotation":{"x":0.0991469994187355,"y":0.004233171697705984,"z":-0.00041963908006437123,"w":0.9950733780860901},"size":1034.433837890625,"orthographic":false}