{"cameraMode":{"drawMode":0,"name":"Shaded","section":"Shading Mode"},"sceneLighting":false,"audioPlay":false,"sceneViewState":{"showFog":true,"showMaterialUpdate":false,"showSkybox":false,"showFlares":true,"showImageEffects":true,"showParticleSystems":true},"in2DMode":false,"pivot":{"x":-0.0000629425048828125,"y":-198.0756072998047,"z":-0.00023031234741210938},"rotation":{"x":0.11432772874832154,"y":-0.6973749995231628,"z":0.11421272158622742,"w":0.6982837915420532},"size":676.2233276367188,"orthographic":false}