{"cameraMode":{"drawMode":0,"name":"Shaded","section":"Shading Mode"},"sceneLighting":false,"audioPlay":false,"sceneViewState":{"showFog":true,"showMaterialUpdate":false,"showSkybox":true,"showFlares":true,"showImageEffects":true,"showParticleSystems":true},"in2DMode":false,"pivot":{"x":87.92207336425781,"y":0.2475433349609375,"z":-91.41748046875},"rotation":{"x":-0.035327307879924777,"y":-0.9519025087356567,"z":0.12123558670282364,"w":-0.2794712483882904},"size":127.84994506835938,"orthographic":false}