{"cameraMode":{"drawMode":0,"name":"Shaded","section":"Shading Mode"},"sceneLighting":false,"audioPlay":false,"sceneViewState":{"showFog":true,"showMaterialUpdate":false,"showSkybox":true,"showFlares":true,"showImageEffects":true,"showParticleSystems":true},"in2DMode":false,"pivot":{"x":-14.598187446594239,"y":49.723670959472659,"z":102.99919128417969},"rotation":{"x":0.14360173046588899,"y":-0.08418325334787369,"z":0.012112614698708058,"w":0.9860497713088989},"size":9.43998908996582,"orthographic":false}