{"cameraMode":{"drawMode":0,"name":"Shaded","section":"Shading Mode"},"sceneLighting":false,"audioPlay":false,"sceneViewState":{"showFog":true,"showMaterialUpdate":false,"showSkybox":true,"showFlares":true,"showImageEffects":true,"showParticleSystems":true},"in2DMode":false,"pivot":{"x":-1018.8352661132813,"y":-289.7900390625,"z":354.61358642578127},"rotation":{"x":0.10871180891990662,"y":-0.5744336843490601,"z":0.07733678817749024,"w":0.8076265454292297},"size":1136.0654296875,"orthographic":false}