{"cameraMode":{"drawMode":0,"name":"Shaded","section":"Shading Mode"},"sceneLighting":false,"audioPlay":false,"sceneViewState":{"showFog":true,"showMaterialUpdate":false,"showSkybox":true,"showFlares":true,"showImageEffects":true,"showParticleSystems":true},"in2DMode":false,"pivot":{"x":-662.7119140625,"y":-949.6156005859375,"z":-734.0750732421875},"rotation":{"x":0.13359446823596955,"y":-0.8663008809089661,"z":0.34822943806648257,"w":0.33232852816581728},"size":1398.1175537109375,"orthographic":false}