{"cameraMode":{"drawMode":0,"name":"Shaded","section":"Shading Mode"},"sceneLighting":false,"audioPlay":false,"sceneViewState":{"showFog":true,"showMaterialUpdate":false,"showSkybox":true,"showFlares":true,"showImageEffects":true,"showParticleSystems":true},"in2DMode":false,"pivot":{"x":-11.172782897949219,"y":267.30682373046877,"z":-9.533477783203125},"rotation":{"x":-0.03351233899593353,"y":0.955411434173584,"z":-0.26873284578323367,"w":-0.11871083080768585},"size":152.11717224121095,"orthographic":false}