{"cameraMode":{"drawMode":0,"name":"Shaded","section":"Shading Mode"},"sceneLighting":false,"audioPlay":false,"sceneViewState":{"showFog":true,"showMaterialUpdate":false,"showSkybox":true,"showFlares":true,"showImageEffects":true,"showParticleSystems":true},"in2DMode":false,"pivot":{"x":-538.010986328125,"y":-47.836883544921878,"z":782.50830078125},"rotation":{"x":-0.15229009091854096,"y":0.2940007150173187,"z":-0.0475015826523304,"w":-0.9424086809158325},"size":1419.7386474609375,"orthographic":false}