{"cameraMode":{"drawMode":0,"name":"Shaded","section":"Shading Mode"},"sceneLighting":false,"audioPlay":false,"sceneViewState":{"showFog":true,"showMaterialUpdate":false,"showSkybox":false,"showFlares":true,"showImageEffects":true,"showParticleSystems":true},"in2DMode":false,"pivot":{"x":-5.08800745010376,"y":1.570095419883728,"z":0.22173437476158143},"rotation":{"x":-0.0879424661397934,"y":0.8648855090141296,"z":-0.16302761435508729,"w":-0.4665541350841522},"size":3.6543891429901125,"orthographic":false}