{"cameraMode":{"drawMode":0,"name":"Shaded","section":"Shading Mode"},"sceneLighting":false,"audioPlay":false,"sceneViewState":{"showFog":true,"showMaterialUpdate":false,"showSkybox":false,"showFlares":true,"showImageEffects":true,"showParticleSystems":true},"in2DMode":false,"pivot":{"x":1.561281442642212,"y":-0.03475971519947052,"z":-5.2781219482421879},"rotation":{"x":0.05102255940437317,"y":0.9263951778411865,"z":-0.1360418200492859,"w":0.3474269211292267},"size":7.99589729309082,"orthographic":false}