{"cameraMode":{"drawMode":0,"name":"Shaded","section":"Shading Mode"},"sceneLighting":false,"audioPlay":false,"sceneViewState":{"showFog":true,"showMaterialUpdate":false,"showSkybox":false,"showFlares":true,"showImageEffects":true,"showParticleSystems":true},"in2DMode":false,"pivot":{"x":18.650798797607423,"y":-70.49818420410156,"z":54.8155517578125},"rotation":{"x":0.2597244381904602,"y":0.022936824709177018,"z":-0.006168782245367765,"w":0.9654006361961365},"size":396.22119140625,"orthographic":false}