{"cameraMode":{"drawMode":0,"name":"Shaded","section":"Shading Mode"},"sceneLighting":false,"audioPlay":false,"sceneViewState":{"showFog":true,"showMaterialUpdate":false,"showSkybox":true,"showFlares":true,"showImageEffects":true,"showParticleSystems":true},"in2DMode":false,"pivot":{"x":-22.77845001220703,"y":56.743648529052737,"z":-144.92530822753907},"rotation":{"x":0.007728205528110266,"y":-0.9880511164665222,"z":-0.14568015933036805,"w":-0.051249973475933078},"size":4.030950546264648,"orthographic":false}