{"cameraMode":{"drawMode":0,"name":"Shaded","section":"Shading Mode"},"sceneLighting":false,"audioPlay":false,"sceneViewState":{"showFog":true,"showMaterialUpdate":false,"showSkybox":false,"showFlares":true,"showImageEffects":true,"showParticleSystems":true},"in2DMode":false,"pivot":{"x":6.766201972961426,"y":0.882845401763916,"z":13.194211959838868},"rotation":{"x":-0.0012802259298041463,"y":-0.9913632869720459,"z":0.13132967054843903,"w":-0.01123835425823927},"size":7.178950309753418,"orthographic":false}