{"cameraMode":{"drawMode":0,"name":"Shaded","section":"Shading Mode"},"sceneLighting":false,"audioPlay":false,"sceneViewState":{"showFog":true,"showMaterialUpdate":false,"showSkybox":true,"showFlares":true,"showImageEffects":true,"showParticleSystems":true},"in2DMode":false,"pivot":{"x":-393.2511901855469,"y":-758.0004272460938,"z":-307.83349609375},"rotation":{"x":-0.226130411028862,"y":0.7735544443130493,"z":-0.40447574853897097,"w":-0.4323614835739136},"size":1084.7442626953125,"orthographic":false}