{"cameraMode":{"drawMode":0,"name":"Shaded","section":"Shading Mode"},"sceneLighting":false,"audioPlay":false,"sceneViewState":{"showFog":true,"showMaterialUpdate":false,"showSkybox":true,"showFlares":true,"showImageEffects":true,"showParticleSystems":true},"in2DMode":false,"pivot":{"x":44.13795471191406,"y":2.0703485012054445,"z":2.009817361831665},"rotation":{"x":-0.028150802478194238,"y":-0.474893182516098,"z":0.015430913306772709,"w":-0.8795557022094727},"size":5.8810133934021,"orthographic":false}