{"cameraMode":{"drawMode":0,"name":"Shaded","section":"Shading Mode"},"sceneLighting":false,"audioPlay":false,"sceneViewState":{"showFog":true,"showMaterialUpdate":false,"showSkybox":true,"showFlares":true,"showImageEffects":true,"showParticleSystems":true},"in2DMode":false,"pivot":{"x":26.814674377441408,"y":61.519710540771487,"z":-73.5596923828125},"rotation":{"x":0.005544264800846577,"y":-0.8884899616241455,"z":-0.010970448143780232,"w":-0.4588296115398407},"size":160.30429077148438,"orthographic":false}