{"cameraMode":{"drawMode":0,"name":"Shaded","section":"Shading Mode"},"sceneLighting":false,"audioPlay":false,"sceneViewState":{"showFog":true,"showMaterialUpdate":false,"showSkybox":true,"showFlares":true,"showImageEffects":true,"showParticleSystems":true},"in2DMode":false,"pivot":{"x":-8.453971862792969,"y":-30.14466094970703,"z":-18.676116943359376},"rotation":{"x":-0.4847758710384369,"y":-0.30115246772766116,"z":0.1819891780614853,"w":-0.8009123802185059},"size":201.25457763671876,"orthographic":false}