{"cameraMode":{"drawMode":0,"name":"Shaded","section":"Shading Mode"},"sceneLighting":false,"audioPlay":false,"sceneViewState":{"showFog":true,"showMaterialUpdate":false,"showSkybox":true,"showFlares":true,"showImageEffects":true,"showParticleSystems":true},"in2DMode":false,"pivot":{"x":-37.21174621582031,"y":53.7403450012207,"z":95.1394271850586},"rotation":{"x":0.11800931394100189,"y":-0.2886993885040283,"z":0.03572752699255943,"w":0.9495258927345276},"size":157.98916625976563,"orthographic":false}