{"cameraMode":{"drawMode":0,"name":"Shaded","section":"Shading Mode"},"sceneLighting":false,"audioPlay":false,"sceneViewState":{"showFog":true,"showMaterialUpdate":false,"showSkybox":true,"showFlares":true,"showImageEffects":true,"showParticleSystems":true},"in2DMode":false,"pivot":{"x":17.78716278076172,"y":3.1629767417907717,"z":-5.459475517272949},"rotation":{"x":0.01960117556154728,"y":0.9794790148735046,"z":-0.1607123464345932,"w":0.1207466647028923},"size":10.763435363769532,"orthographic":false}