{"cameraMode":{"drawMode":0,"name":"Shaded","section":"Shading Mode"},"sceneLighting":false,"audioPlay":false,"sceneViewState":{"showFog":true,"showMaterialUpdate":false,"showSkybox":true,"showFlares":true,"showImageEffects":true,"showParticleSystems":true},"in2DMode":false,"pivot":{"x":184.98666381835938,"y":-233.4981689453125,"z":1510.39599609375},"rotation":{"x":0.08408564329147339,"y":0.05502751097083092,"z":-0.004625660367310047,"w":0.9949530363082886},"size":1591.1778564453125,"orthographic":false}