{"cameraMode":{"drawMode":0,"name":"Shaded","section":"Shading Mode"},"sceneLighting":false,"audioPlay":false,"sceneViewState":{"showFog":true,"showMaterialUpdate":false,"showSkybox":true,"showFlares":true,"showImageEffects":true,"showParticleSystems":true},"in2DMode":false,"pivot":{"x":-165.07505798339845,"y":91.81721496582031,"z":134.07403564453126},"rotation":{"x":0.019754992797970773,"y":-0.41147953271865847,"z":0.008746819570660591,"w":0.9112452864646912},"size":105.3543472290039,"orthographic":false}