{"cameraMode":{"drawMode":0,"name":"Shaded","section":"Shading Mode"},"sceneLighting":false,"audioPlay":false,"sceneViewState":{"showFog":true,"showMaterialUpdate":false,"showSkybox":true,"showFlares":true,"showImageEffects":true,"showParticleSystems":true},"in2DMode":false,"pivot":{"x":126.18028259277344,"y":42.232398986816409,"z":-91.71382904052735},"rotation":{"x":-0.11575780808925629,"y":-0.8840668797492981,"z":0.31900617480278017,"w":-0.32161033153533938},"size":254.19261169433595,"orthographic":false}