{"cameraMode":{"drawMode":0,"name":"Shaded","section":"Shading Mode"},"sceneLighting":false,"audioPlay":false,"sceneViewState":{"showFog":true,"showMaterialUpdate":false,"showSkybox":true,"showFlares":true,"showImageEffects":true,"showParticleSystems":true},"in2DMode":false,"pivot":{"x":519.3226928710938,"y":-34.175514221191409,"z":81.51021575927735},"rotation":{"x":0.04620981588959694,"y":0.6402394771575928,"z":-0.0386974960565567,"w":0.7658426761627197},"size":422.560791015625,"orthographic":false}