{"cameraMode":{"drawMode":0,"name":"Shaded","section":"Shading Mode"},"sceneLighting":false,"audioPlay":false,"sceneViewState":{"showFog":true,"showMaterialUpdate":false,"showSkybox":true,"showFlares":true,"showImageEffects":true,"showParticleSystems":true},"in2DMode":false,"pivot":{"x":-466.6094055175781,"y":-733.66015625,"z":1032.023681640625},"rotation":{"x":0.27701619267463686,"y":-0.1945449262857437,"z":0.05738147348165512,"w":0.9392234683036804},"size":1423.2510986328125,"orthographic":false}