{"cameraMode":{"drawMode":0,"name":"Shaded","section":"Shading Mode"},"sceneLighting":false,"audioPlay":false,"sceneViewState":{"showFog":true,"showMaterialUpdate":false,"showSkybox":true,"showFlares":true,"showImageEffects":true,"showParticleSystems":true},"in2DMode":false,"pivot":{"x":46.55058288574219,"y":13.027593612670899,"z":-0.3830738067626953},"rotation":{"x":-0.028150802478194238,"y":-0.474893182516098,"z":0.015430913306772709,"w":-0.8795557022094727},"size":75.62409210205078,"orthographic":false}
