{"cameraMode":{"drawMode":0,"name":"Shaded","section":"Shading Mode"},"sceneLighting":true,"audioPlay":false,"sceneViewState":{"showFog":true,"showMaterialUpdate":false,"showSkybox":true,"showFlares":true,"showImageEffects":true,"showParticleSystems":true},"in2DMode":false,"pivot":{"x":-410.0116271972656,"y":-707.5541381835938,"z":898.7556762695313},"rotation":{"x":-0.289330393075943,"y":0.16633108258247376,"z":-0.05112024396657944,"w":-0.9412904381752014},"size":1671.62158203125,"orthographic":false}