{"cameraMode":{"drawMode":0,"name":"Shaded","section":"Shading Mode"},"sceneLighting":false,"audioPlay":false,"sceneViewState":{"showFog":true,"showMaterialUpdate":false,"showSkybox":true,"showFlares":true,"showImageEffects":true,"showParticleSystems":true},"in2DMode":false,"pivot":{"x":174.76922607421876,"y":129.1368408203125,"z":-8.837631225585938},"rotation":{"x":0.07863228023052216,"y":0.3566075563430786,"z":-0.030137063935399057,"w":0.9304516315460205},"size":163.8656463623047,"orthographic":false}