{"cameraMode":{"drawMode":0,"name":"Shaded","section":"Shading Mode"},"sceneLighting":false,"audioPlay":false,"sceneViewState":{"showFog":true,"showMaterialUpdate":false,"showSkybox":true,"showFlares":true,"showImageEffects":true,"showParticleSystems":true},"in2DMode":false,"pivot":{"x":-15.81680965423584,"y":8.47167682647705,"z":-16.92609977722168},"rotation":{"x":0.24575094878673554,"y":0.41719719767570498,"z":-0.11848459392786026,"w":0.8669863939285278},"size":28.711647033691408,"orthographic":false}