{"cameraMode":{"drawMode":0,"name":"Shaded","section":"Shading Mode"},"sceneLighting":false,"audioPlay":false,"sceneViewState":{"showFog":true,"showMaterialUpdate":false,"showSkybox":true,"showFlares":true,"showImageEffects":true,"showParticleSystems":true},"in2DMode":false,"pivot":{"x":126.99298095703125,"y":-66.00506591796875,"z":249.6581268310547},"rotation":{"x":0.14241988956928254,"y":0.051926929503679278,"z":-0.007618806324899197,"w":0.9884679317474365},"size":443.6166076660156,"orthographic":false}