{"cameraMode":{"drawMode":0,"name":"Shaded","section":"Shading Mode"},"sceneLighting":true,"audioPlay":false,"sceneViewState":{"showFog":true,"showMaterialUpdate":false,"showSkybox":true,"showFlares":true,"showImageEffects":true,"showParticleSystems":true},"in2DMode":false,"pivot":{"x":-98.4932632446289,"y":95.67156982421875,"z":97.39283752441406},"rotation":{"x":0.032453954219818118,"y":0.9509928822517395,"z":-0.2882812023162842,"w":0.10773910582065582},"size":4.543980121612549,"orthographic":false}