{"cameraMode":{"drawMode":0,"name":"Shaded","section":"Shading Mode"},"sceneLighting":false,"audioPlay":false,"sceneViewState":{"showFog":true,"showMaterialUpdate":false,"showSkybox":false,"showFlares":true,"showImageEffects":true,"showParticleSystems":true},"in2DMode":false,"pivot":{"x":11.985954284667969,"y":11.759413719177246,"z":-8.051288604736329},"rotation":{"x":-0.013590876944363118,"y":0.9787402153015137,"z":-0.1936071664094925,"w":-0.06732618808746338},"size":3.25012469291687,"orthographic":false}