{"cameraMode":{"drawMode":0,"name":"Shaded","section":"Shading Mode"},"sceneLighting":true,"audioPlay":false,"sceneViewState":{"showFog":true,"showMaterialUpdate":false,"showSkybox":true,"showFlares":true,"showImageEffects":true,"showParticleSystems":true},"in2DMode":false,"pivot":{"x":1.94781494140625,"y":7.403250694274902,"z":-3.32330322265625},"rotation":{"x":-0.042393095791339877,"y":0.9165946245193481,"z":-0.10105743259191513,"w":-0.38450711965560915},"size":67.51090240478516,"orthographic":false}