{"cameraMode":{"drawMode":0,"name":"Shaded","section":"Shading Mode"},"sceneLighting":true,"audioPlay":false,"sceneViewState":{"showFog":true,"showMaterialUpdate":false,"showSkybox":true,"showFlares":true,"showImageEffects":true,"showParticleSystems":true},"in2DMode":false,"pivot":{"x":2.0146446228027345,"y":-0.3871269226074219,"z":43.61444854736328},"rotation":{"x":0.20003488659858704,"y":0.16372860968112946,"z":-0.03392544388771057,"w":0.9654166102409363},"size":105.40863800048828,"orthographic":false}