{"cameraMode":{"drawMode":0,"name":"Shaded","section":"Shading Mode"},"sceneLighting":true,"audioPlay":false,"sceneViewState":{"showFog":true,"showMaterialUpdate":false,"showSkybox":true,"showFlares":true,"showImageEffects":true,"showParticleSystems":true},"in2DMode":false,"pivot":{"x":6.679898262023926,"y":3.1905250549316408,"z":7.810268402099609},"rotation":{"x":0.34402474761009219,"y":-0.025380615144968034,"z":0.009205415844917298,"w":0.9386358857154846},"size":41.351009368896487,"orthographic":false}