{"cameraMode":{"drawMode":0,"name":"Shaded","section":"Shading Mode"},"sceneLighting":true,"audioPlay":false,"sceneViewState":{"showFog":true,"showMaterialUpdate":false,"showSkybox":true,"showFlares":true,"showImageEffects":true,"showParticleSystems":true},"in2DMode":false,"pivot":{"x":-2.9167490005493166,"y":5.687310218811035,"z":4.246205806732178},"rotation":{"x":-0.12401207536458969,"y":-0.8656074404716492,"z":0.259097695350647,"w":-0.4105236530303955},"size":12.511765480041504,"orthographic":false}