{"cameraMode":{"drawMode":0,"name":"Shaded","section":"Shading Mode"},"sceneLighting":true,"audioPlay":false,"sceneViewState":{"showFog":true,"showMaterialUpdate":false,"showSkybox":true,"showFlares":true,"showImageEffects":true,"showParticleSystems":true},"in2DMode":false,"pivot":{"x":-1.1105546951293946,"y":0.7227845191955566,"z":2.4625720977783205},"rotation":{"x":-0.3768908381462097,"y":0.601747989654541,"z":-0.3830811381340027,"w":-0.5909587740898132},"size":11.027402877807618,"orthographic":false}