{"cameraMode":{"drawMode":0,"name":"Shaded","section":"Shading Mode"},"sceneLighting":true,"audioPlay":false,"sceneViewState":{"showFog":true,"showMaterialUpdate":false,"showSkybox":true,"showFlares":true,"showImageEffects":true,"showParticleSystems":true},"in2DMode":false,"pivot":{"x":-3.804689407348633,"y":5.150821685791016,"z":-0.5739398002624512},"rotation":{"x":-0.09682457149028778,"y":-0.8291359543800354,"z":0.14922118186950684,"w":-0.5302715301513672},"size":15.43061351776123,"orthographic":false}