{"cameraMode":{"drawMode":0,"name":"Shaded","section":"Shading Mode"},"sceneLighting":true,"audioPlay":false,"sceneViewState":{"showFog":true,"showMaterialUpdate":false,"showSkybox":true,"showFlares":true,"showImageEffects":true,"showParticleSystems":true},"in2DMode":false,"pivot":{"x":-0.6200351715087891,"y":1.8613853454589844,"z":1.7361350059509278},"rotation":{"x":0.16741979122161866,"y":0.8232576847076416,"z":-0.305536150932312,"w":0.44854265451431277},"size":25.26441192626953,"orthographic":false}