{"cameraMode":{"drawMode":0,"name":"Shaded","section":"Shading Mode"},"sceneLighting":true,"audioPlay":false,"sceneViewState":{"showFog":true,"showMaterialUpdate":false,"showSkybox":true,"showFlares":true,"showImageEffects":true,"showParticleSystems":true},"in2DMode":false,"pivot":{"x":0.23618733882904054,"y":0.805816650390625,"z":2.338992118835449},"rotation":{"x":-0.02633577398955822,"y":0.9328396916389465,"z":-0.35300931334495547,"w":-0.06812723726034165},"size":12.823780059814454,"orthographic":false}