{"cameraMode":{"drawMode":0,"name":"Shaded","section":"Shading Mode"},"sceneLighting":true,"audioPlay":false,"sceneViewState":{"showFog":true,"showMaterialUpdate":false,"showSkybox":true,"showFlares":true,"showImageEffects":true,"showParticleSystems":true},"in2DMode":false,"pivot":{"x":0.14130020141601563,"y":-10.228912353515625,"z":-1.6296311616897584},"rotation":{"x":0.41662222146987917,"y":0.5729395151138306,"z":-0.42171552777290347,"w":0.5660598278045654},"size":76.71057891845703,"orthographic":false}