{"cameraMode":{"drawMode":0,"name":"Shaded","section":"Shading Mode"},"sceneLighting":true,"audioPlay":false,"sceneViewState":{"showFog":true,"showMaterialUpdate":false,"showSkybox":true,"showFlares":true,"showImageEffects":true,"showParticleSystems":true},"in2DMode":false,"pivot":{"x":-2.334689140319824,"y":-0.2649240493774414,"z":3.9117517471313478},"rotation":{"x":-0.07121169567108154,"y":0.857277512550354,"z":-0.4951191544532776,"w":-0.12243983149528504},"size":14.753203392028809,"orthographic":false}