{"cameraMode":{"drawMode":0,"name":"Shaded","section":"Shading Mode"},"sceneLighting":true,"audioPlay":false,"sceneViewState":{"showFog":true,"showMaterialUpdate":false,"showSkybox":true,"showFlares":true,"showImageEffects":true,"showParticleSystems":true},"in2DMode":false,"pivot":{"x":17.06993865966797,"y":9.023296356201172,"z":-3.3441619873046877},"rotation":{"x":-0.033405791968107226,"y":0.9546723961830139,"z":-0.272225946187973,"w":-0.11621572822332382},"size":141.04635620117188,"orthographic":false}