{"cameraMode":{"drawMode":0,"name":"Shaded","section":"Shading Mode"},"sceneLighting":true,"audioPlay":false,"sceneViewState":{"showFog":true,"showMaterialUpdate":false,"showSkybox":true,"showFlares":true,"showImageEffects":true,"showParticleSystems":true},"in2DMode":false,"pivot":{"x":9.330999374389649,"y":-87.84922790527344,"z":69.30802917480469},"rotation":{"x":-0.4191766381263733,"y":-0.0674649178981781,"z":0.03175581619143486,"w":-0.9049601554870606},"size":295.7773742675781,"orthographic":false}