{"cameraMode":{"drawMode":0,"name":"Shaded","section":"Shading Mode"},"sceneLighting":true,"audioPlay":false,"sceneViewState":{"showFog":true,"showMaterialUpdate":false,"showSkybox":true,"showFlares":true,"showImageEffects":true,"showParticleSystems":true},"in2DMode":false,"pivot":{"x":3.0884907245635988,"y":6.798547744750977,"z":1.6347136497497559},"rotation":{"x":-0.22921720147132874,"y":0.020380645990371705,"z":-0.005913414526730776,"w":-0.9733086824417114},"size":22.439754486083986,"orthographic":false}