{"cameraMode":{"drawMode":0,"name":"Shaded","section":"Shading Mode"},"sceneLighting":false,"audioPlay":false,"sceneViewState":{"showFog":true,"showMaterialUpdate":false,"showSkybox":false,"showFlares":true,"showImageEffects":true,"showParticleSystems":true},"in2DMode":false,"pivot":{"x":5.28000020980835,"y":1.5399999618530274,"z":9.369999885559082},"rotation":{"x":-0.01850510947406292,"y":-0.9219380617141724,"z":0.385672926902771,"w":-0.03793366998434067},"size":8.083316802978516,"orthographic":false}